4,30,5,45,18,15,17,14,3,19,12,2,49,6,25,36,27,33,26,47,13,44,9,10,46,16,40,23,48,34,1,11,50,37,8,22,7,39,24,32,41,43,31,28,29,35,38,21,42,20
177468.0,68116.0,240610.0,389707.0,397551.0,369655.0,292047.0,286910.0,188473.0,337187.0,128710.0,255712.0,399193.0,71112.0,0.0,0.0,0.0,0.0,0.0,0.0,0.0,0.0,0.0,0.0,0.0,0.0,0.0,0.0,0.0,0.0,0.0,0.0,0.0,0.0,0.0,0.0,0.0,0.0,0.0,0.0,0.0,0.0,0.0,0.0,0.0,0.0,0.0,0.0,0.0,0.0
0.0,0.0,0.0,262259.0,391006.0,0.0,77253.0,0.0,0.0,0.0,0.0,0.0,0.0,0.0,107726.0,230213.0,160097.0,279640.0,185421.0,374889.0,51210.0,0.0,0.0,0.0,0.0,0.0,0.0,0.0,0.0,0.0,0.0,0.0,0.0,0.0,0.0,0.0,0.0,0.0,0.0,0.0,0.0,0.0,0.0,0.0,0.0,0.0,0.0,0.0,0.0,0.0
0.0,296886.0,0.0,85690.0,0.0,283161.0,0.0,0.0,0.0,0.0,0.0,0.0,0.0,0.0,0.0,0.0,0.0,0.0,284730.0,153660.0,0.0,242939.0,143692.0,219589.0,0.0,0.0,0.0,0.0,0.0,0.0,0.0,0.0,0.0,0.0,0.0,0.0,0.0,0.0,0.0,0.0,0.0,0.0,0.0,0.0,0.0,0.0,0.0,0.0,0.0,0.0
0.0,0.0,0.0,0.0,87499.0,0.0,0.0,0.0,0.0,0.0,176745.0,0.0,0.0,226876.0,0.0,0.0,0.0,0.0,0.0,0.0,0.0,0.0,0.0,0.0,195010.0,269634.0,255078.0,372051.0,0.0,0.0,0.0,0.0,0.0,0.0,0.0,0.0,0.0,0.0,0.0,0.0,0.0,0.0,0.0,0.0,0.0,0.0,0.0,0.0,0.0,0.0
0.0,0.0,0.0,0.0,0.0,156186.0,0.0,227140.0,0.0,0.0,83802.0,263962.0,0.0,387032.0,0.0,267302.0,0.0,0.0,0.0,0.0,0.0,0.0,0.0,0.0,0.0,0.0,0.0,214106.0,202984.0,345319.0,386150.0,395773.0,249232.0,0.0,0.0,0.0,0.0,0.0,0.0,0.0,0.0,0.0,0.0,0.0,0.0,0.0,0.0,0.0,0.0,0.0
0.0,0.0,0.0,0.0,0.0,52470.0,0.0,0.0,0.0,390030.0,315779.0,219028.0,0.0,0.0,0.0,0.0,0.0,0.0,153944.0,0.0,0.0,110822.0,0.0,0.0,0.0,362596.0,0.0,274388.0,0.0,364303.0,0.0,0.0,89039.0,215760.0,0.0,0.0,0.0,0.0,0.0,0.0,0.0,0.0,0.0,0.0,0.0,0.0,0.0,0.0,0.0,0.0
0.0,90303.0,50970.0,0.0,0.0,0.0,0.0,0.0,0.0,0.0,0.0,0.0,395171.0,0.0,0.0,0.0,0.0,0.0,0.0,0.0,312248.0,106936.0,0.0,0.0,0.0,0.0,0.0,0.0,0.0,157922.0,0.0,0.0,171327.0,0.0,0.0,0.0,0.0,0.0,0.0,0.0,0.0,0.0,0.0,0.0,0.0,0.0,0.0,0.0,0.0,0.0
0.0,0.0,0.0,0.0,0.0,0.0,0.0,0.0,0.0,0.0,0.0,0.0,0.0,0.0,0.0,0.0,0.0,0.0,381546.0,0.0,0.0,0.0,0.0,163467.0,167305.0,0.0,0.0,163306.0,0.0,0.0,0.0,0.0,132998.0,0.0,360278.0,386523.0,93604.0,387169.0,136686.0,0.0,0.0,0.0,0.0,0.0,0.0,0.0,0.0,0.0,0.0,0.0
0.0,0.0,348932.0,0.0,0.0,242896.0,0.0,0.0,0.0,0.0,0.0,62544.0,0.0,0.0,0.0,0.0,337758.0,0.0,0.0,165015.0,239894.0,0.0,0.0,0.0,223847.0,0.0,0.0,0.0,0.0,134785.0,0.0,0.0,0.0,140398.0,0.0,0.0,0.0,0.0,297931.0,397373.0,394719.0,182959.0,305325.0,0.0,0.0,0.0,0.0,0.0,0.0,0.0
0.0,0.0,0.0,0.0,0.0,0.0,0.0,230360.0,0.0,0.0,317653.0,0.0,0.0,0.0,0.0,0.0,0.0,0.0,129603.0,0.0,0.0,0.0,0.0,330300.0,0.0,0.0,316981.0,364812.0,0.0,0.0,0.0,0.0,0.0,0.0,0.0,317622.0,305970.0,0.0,0.0,0.0,0.0,0.0,0.0,239334.0,0.0,0.0,0.0,0.0,0.0,0.0
0.0,0.0,342468.0,0.0,0.0,0.0,0.0,0.0,0.0,0.0,0.0,0.0,0.0,0.0,0.0,0.0,379912.0,0.0,0.0,0.0,0.0,0.0,0.0,0.0,89163.0,0.0,0.0,75772.0,224304.0,0.0,0.0,0.0,0.0,114610.0,192934.0,0.0,0.0,0.0,0.0,0.0,0.0,0.0,0.0,0.0,0.0,0.0,0.0,0.0,0.0,0.0
0.0,0.0,0.0,333656.0,0.0,0.0,0.0,0.0,0.0,0.0,0.0,0.0,60143.0,0.0,0.0,0.0,0.0,0.0,143553.0,0.0,0.0,0.0,202603.0,0.0,0.0,0.0,69865.0,0.0,0.0,0.0,0.0,0.0,0.0,0.0,0.0,0.0,0.0,50415.0,244566.0,0.0,0.0,0.0,0.0,0.0,169467.0,0.0,0.0,0.0,0.0,0.0
0.0,0.0,0.0,364741.0,0.0,0.0,166089.0,0.0,0.0,0.0,0.0,326072.0,0.0,0.0,0.0,0.0,0.0,232901.0,0.0,50595.0,0.0,385419.0,0.0,0.0,152104.0,0.0,0.0,0.0,0.0,0.0,0.0,0.0,257054.0,0.0,156617.0,0.0,0.0,0.0,0.0,0.0,0.0,0.0,0.0,0.0,0.0,329766.0,0.0,0.0,0.0,0.0
0.0,0.0,0.0,0.0,0.0,0.0,337415.0,148954.0,0.0,349162.0,0.0,0.0,0.0,0.0,0.0,0.0,0.0,0.0,0.0,0.0,0.0,0.0,0.0,0.0,0.0,0.0,0.0,0.0,0.0,0.0,360563.0,0.0,0.0,0.0,0.0,0.0,0.0,0.0,0.0,0.0,0.0,0.0,0.0,0.0,0.0,0.0,230276.0,0.0,0.0,0.0
0.0,134945.0,0.0,0.0,0.0,0.0,0.0,0.0,0.0,0.0,235746.0,0.0,0.0,0.0,389615.0,0.0,0.0,376815.0,0.0,0.0,303846.0,0.0,0.0,0.0,0.0,0.0,0.0,0.0,0.0,0.0,0.0,0.0,0.0,0.0,0.0,0.0,0.0,0.0,0.0,0.0,0.0,0.0,187175.0,0.0,0.0,0.0,0.0,0.0,0.0,0.0
0.0,0.0,0.0,0.0,0.0,0.0,0.0,387644.0,0.0,0.0,0.0,212187.0,0.0,0.0,0.0,271846.0,0.0,0.0,0.0,0.0,0.0,51277.0,125046.0,0.0,0.0,231888.0,313619.0,0.0,212890.0,65963.0,0.0,0.0,0.0,0.0,0.0,0.0,0.0,0.0,0.0,0.0,265629.0,192938.0,0.0,360459.0,0.0,0.0,0.0,295082.0,0.0,0.0
0.0,212400.0,0.0,0.0,0.0,0.0,127885.0,0.0,0.0,259897.0,0.0,0.0,0.0,182894.0,0.0,0.0,363001.0,0.0,0.0,240712.0,0.0,0.0,0.0,0.0,0.0,0.0,0.0,0.0,0.0,0.0,0.0,0.0,0.0,0.0,0.0,0.0,0.0,0.0,0.0,337772.0,0.0,0.0,0.0,367755.0,0.0,0.0,0.0,0.0,209689.0,0.0
0.0,0.0,0.0,206844.0,312152.0,0.0,0.0,0.0,0.0,398605.0,249061.0,0.0,0.0,0.0,118514.0,0.0,0.0,0.0,0.0,0.0,0.0,0.0,0.0,0.0,0.0,0.0,0.0,0.0,153271.0,0.0,0.0,0.0,110339.0,0.0,0.0,219636.0,0.0,0.0,77931.0,0.0,0.0,0.0,0.0,0.0,0.0,0.0,358504.0,0.0,229329.0,0.0
0.0,373857.0,0.0,203099.0,0.0,0.0,0.0,0.0,0.0,0.0,0.0,0.0,0.0,0.0,122917.0,0.0,149063.0,64460.0,0.0,0.0,0.0,0.0,0.0,0.0,0.0,0.0,85337.0,270065.0,190449.0,295957.0,241093.0,0.0,0.0,202738.0,0.0,0.0,0.0,0.0,314665.0,373322.0,0.0,357454.0,0.0,0.0,0.0,0.0,0.0,0.0,0.0,0.0
0.0,381489.0,0.0,0.0,0.0,60279.0,0.0,0.0,0.0,0.0,0.0,0.0,0.0,0.0,0.0,0.0,0.0,0.0,0.0,0.0,0.0,191912.0,0.0,0.0,0.0,0.0,0.0,0.0,0.0,0.0,0.0,253704.0,0.0,0.0,0.0,0.0,72762.0,0.0,0.0,116434.0,0.0,0.0,0.0,0.0,0.0,314057.0,0.0,0.0,0.0,0.0
267977.0,0.0,0.0,0.0,0.0,127529.0,157399.0,0.0,322884.0,0.0,0.0,0.0,0.0,0.0,382553.0,0.0,102181.0,0.0,0.0,0.0,0.0,0.0,0.0,0.0,375290.0,0.0,377969.0,0.0,0.0,0.0,0.0,0.0,0.0,157510.0,0.0,176008.0,260339.0,0.0,0.0,0.0,0.0,394551.0,247119.0,0.0,0.0,160761.0,0.0,0.0,0.0,0.0
0.0,0.0,0.0,0.0,0.0,211791.0,0.0,0.0,0.0,0.0,0.0,0.0,368533.0,359639.0,0.0,0.0,0.0,363558.0,0.0,340095.0,0.0,0.0,357487.0,0.0,0.0,0.0,0.0,0.0,0.0,247889.0,0.0,0.0,0.0,174781.0,0.0,0.0,0.0,361935.0,0.0,0.0,0.0,0.0,0.0,0.0,0.0,0.0,0.0,0.0,0.0,0.0
0.0,384787.0,0.0,0.0,0.0,0.0,0.0,0.0,0.0,240862.0,0.0,0.0,0.0,0.0,0.0,0.0,0.0,0.0,0.0,0.0,0.0,0.0,0.0,0.0,0.0,0.0,0.0,0.0,0.0,0.0,377063.0,0.0,0.0,0.0,0.0,0.0,0.0,0.0,0.0,0.0,0.0,0.0,0.0,0.0,51343.0,0.0,0.0,0.0,283133.0,0.0
0.0,0.0,0.0,303844.0,0.0,0.0,0.0,0.0,0.0,303607.0,102922.0,0.0,0.0,0.0,0.0,0.0,345978.0,0.0,172063.0,0.0,0.0,0.0,0.0,0.0,316917.0,0.0,161312.0,0.0,312446.0,0.0,0.0,0.0,0.0,0.0,0.0,0.0,0.0,0.0,0.0,0.0,0.0,0.0,0.0,236422.0,0.0,398137.0,0.0,0.0,0.0,0.0
0.0,0.0,0.0,0.0,0.0,0.0,0.0,0.0,0.0,0.0,0.0,0.0,78943.0,162069.0,0.0,0.0,302484.0,0.0,0.0,0.0,0.0,0.0,54151.0,0.0,0.0,0.0,0.0,375251.0,0.0,0.0,0.0,0.0,0.0,0.0,0.0,180796.0,0.0,0.0,0.0,0.0,0.0,0.0,0.0,187663.0,0.0,0.0,0.0,0.0,0.0,0.0
0.0,0.0,0.0,0.0,285814.0,0.0,0.0,0.0,0.0,371447.0,0.0,0.0,0.0,259612.0,0.0,0.0,0.0,0.0,0.0,0.0,0.0,0.0,0.0,0.0,0.0,0.0,0.0,161461.0,206464.0,0.0,0.0,0.0,0.0,0.0,0.0,0.0,0.0,374301.0,0.0,0.0,0.0,272368.0,0.0,0.0,0.0,0.0,0.0,0.0,0.0,0.0
0.0,126995.0,0.0,238287.0,0.0,0.0,0.0,0.0,0.0,0.0,326561.0,0.0,0.0,87435.0,312945.0,196566.0,0.0,0.0,0.0,0.0,259646.0,0.0,0.0,0.0,163470.0,0.0,0.0,0.0,0.0,0.0,0.0,372436.0,0.0,0.0,393349.0,291446.0,0.0,0.0,0.0,0.0,0.0,240854.0,0.0,0.0,0.0,199158.0,0.0,0.0,0.0,0.0
0.0,0.0,394069.0,0.0,0.0,0.0,373505.0,238356.0,0.0,0.0,220265.0,0.0,0.0,333722.0,362194.0,0.0,340530.0,0.0,234771.0,335578.0,0.0,0.0,0.0,0.0,280861.0,0.0,0.0,0.0,0.0,0.0,0.0,176735.0,0.0,0.0,0.0,0.0,395703.0,0.0,0.0,252348.0,0.0,0.0,0.0,0.0,0.0,0.0,0.0,109697.0,0.0,0.0
127887.0,0.0,0.0,0.0,0.0,0.0,0.0,0.0,0.0,0.0,0.0,0.0,0.0,178299.0,0.0,0.0,0.0,0.0,0.0,0.0,0.0,0.0,0.0,0.0,0.0,113609.0,287965.0,128426.0,0.0,0.0,0.0,0.0,0.0,0.0,215548.0,0.0,0.0,0.0,0.0,0.0,0.0,0.0,0.0,0.0,0.0,0.0,0.0,0.0,0.0,0.0
0.0,119396.0,0.0,0.0,291789.0,0.0,0.0,0.0,0.0,0.0,0.0,0.0,0.0,386566.0,0.0,0.0,0.0,0.0,0.0,0.0,0.0,124409.0,0.0,0.0,0.0,0.0,121491.0,0.0,0.0,0.0,0.0,0.0,0.0,0.0,0.0,0.0,0.0,0.0,331341.0,0.0,133227.0,0.0,0.0,262770.0,0.0,0.0,0.0,0.0,395570.0,0.0
184940.0,0.0,0.0,0.0,0.0,0.0,91995.0,342684.0,0.0,284063.0,0.0,0.0,0.0,0.0,0.0,0.0,0.0,198515.0,0.0,0.0,62082.0,0.0,0.0,0.0,0.0,0.0,0.0,0.0,0.0,0.0,0.0,0.0,0.0,0.0,0.0,0.0,0.0,0.0,0.0,294731.0,0.0,167434.0,158837.0,59559.0,0.0,0.0,0.0,0.0,0.0,0.0
397897.0,0.0,165531.0,0.0,0.0,0.0,0.0,0.0,0.0,267519.0,361094.0,0.0,0.0,282789.0,0.0,0.0,0.0,0.0,0.0,0.0,0.0,0.0,220672.0,222897.0,0.0,0.0,0.0,0.0,0.0,0.0,0.0,90740.0,0.0,0.0,0.0,298691.0,0.0,395969.0,0.0,326634.0,0.0,0.0,0.0,153732.0,0.0,0.0,0.0,0.0,0.0,63276.0
134725.0,165671.0,0.0,0.0,0.0,140758.0,0.0,0.0,0.0,0.0,0.0,0.0,0.0,0.0,0.0,51067.0,0.0,0.0,0.0,0.0,0.0,272645.0,0.0,0.0,311418.0,220921.0,0.0,0.0,0.0,0.0,0.0,0.0,0.0,0.0,0.0,0.0,0.0,0.0,221359.0,0.0,0.0,317361.0,0.0,0.0,0.0,0.0,109921.0,0.0,0.0,0.0
0.0,0.0,53348.0,0.0,320868.0,0.0,0.0,0.0,0.0,295648.0,0.0,0.0,0.0,320154.0,0.0,215142.0,0.0,0.0,0.0,0.0,0.0,0.0,0.0,0.0,0.0,0.0,0.0,294494.0,0.0,0.0,0.0,0.0,0.0,0.0,0.0,0.0,361014.0,292727.0,0.0,0.0,0.0,149730.0,0.0,0.0,0.0,0.0,87609.0,0.0,297037.0,0.0
0.0,0.0,301022.0,0.0,0.0,0.0,0.0,0.0,0.0,0.0,0.0,0.0,0.0,0.0,0.0,0.0,0.0,0.0,201987.0,0.0,0.0,0.0,0.0,0.0,0.0,0.0,0.0,0.0,0.0,0.0,0.0,261276.0,263967.0,0.0,0.0,0.0,0.0,0.0,0.0,0.0,0.0,0.0,189545.0,0.0,0.0,0.0,0.0,0.0,0.0,0.0
148989.0,0.0,0.0,0.0,0.0,166003.0,0.0,94321.0,0.0,0.0,0.0,0.0,314895.0,0.0,0.0,121001.0,0.0,0.0,0.0,0.0,0.0,0.0,185263.0,266011.0,0.0,0.0,313884.0,0.0,0.0,115249.0,0.0,164658.0,0.0,0.0,0.0,0.0,0.0,313199.0,0.0,0.0,0.0,0.0,133011.0,166555.0,281334.0,0.0,0.0,0.0,0.0,0.0
0.0,0.0,354230.0,0.0,0.0,0.0,0.0,0.0,0.0,235436.0,0.0,0.0,0.0,0.0,0.0,0.0,0.0,0.0,0.0,0.0,0.0,0.0,0.0,0.0,0.0,0.0,0.0,258027.0,0.0,0.0,0.0,0.0,0.0,0.0,0.0,0.0,0.0,0.0,124273.0,368549.0,0.0,0.0,0.0,74670.0,0.0,0.0,0.0,0.0,63832.0,0.0
87008.0,0.0,0.0,0.0,342768.0,0.0,0.0,0.0,0.0,0.0,0.0,0.0,0.0,0.0,0.0,208191.0,0.0,0.0,180153.0,183276.0,0.0,0.0,0.0,0.0,0.0,0.0,0.0,0.0,0.0,0.0,0.0,354789.0,0.0,0.0,0.0,0.0,0.0,0.0,0.0,0.0,290903.0,0.0,0.0,0.0,0.0,0.0,0.0,85916.0,0.0,0.0
0.0,0.0,0.0,0.0,0.0,0.0,0.0,0.0,0.0,0.0,0.0,0.0,0.0,0.0,0.0,0.0,167334.0,0.0,0.0,0.0,0.0,0.0,345023.0,280445.0,0.0,0.0,0.0,0.0,0.0,0.0,0.0,264279.0,0.0,0.0,0.0,0.0,0.0,78468.0,0.0,0.0,0.0,0.0,0.0,117485.0,0.0,0.0,0.0,0.0,0.0,0.0
0.0,0.0,0.0,88991.0,0.0,121631.0,0.0,0.0,0.0,0.0,0.0,0.0,0.0,0.0,0.0,212626.0,0.0,0.0,0.0,0.0,292488.0,283261.0,238788.0,0.0,0.0,210867.0,0.0,179670.0,0.0,0.0,101850.0,0.0,0.0,0.0,0.0,0.0,0.0,0.0,0.0,0.0,285225.0,133854.0,0.0,0.0,165552.0,0.0,0.0,155787.0,0.0,0.0
0.0,0.0,368950.0,0.0,0.0,0.0,0.0,0.0,0.0,50363.0,144206.0,161893.0,0.0,0.0,0.0,141106.0,0.0,0.0,0.0,0.0,127561.0,0.0,0.0,0.0,0.0,0.0,0.0,0.0,0.0,0.0,0.0,90619.0,0.0,64427.0,0.0,0.0,0.0,0.0,0.0,0.0,0.0,0.0,0.0,0.0,0.0,171225.0,0.0,0.0,0.0,0.0
0.0,0.0,0.0,0.0,132843.0,238521.0,0.0,186124.0,0.0,0.0,0.0,0.0,0.0,0.0,240401.0,0.0,0.0,0.0,76871.0,0.0,0.0,265709.0,0.0,0.0,391901.0,0.0,0.0,0.0,0.0,208083.0,0.0,0.0,0.0,292978.0,52781.0,0.0,235791.0,0.0,0.0,0.0,0.0,0.0,0.0,115283.0,0.0,185731.0,0.0,0.0,279443.0,0.0
0.0,0.0,0.0,0.0,0.0,0.0,0.0,0.0,379328.0,0.0,368674.0,382841.0,244958.0,0.0,361532.0,0.0,0.0,0.0,0.0,0.0,0.0,0.0,0.0,278036.0,0.0,238847.0,0.0,0.0,0.0,140883.0,0.0,0.0,0.0,0.0,0.0,51381.0,0.0,0.0,149123.0,0.0,0.0,0.0,209926.0,0.0,0.0,0.0,0.0,0.0,0.0,0.0
326932.0,0.0,352445.0,0.0,0.0,287513.0,0.0,0.0,0.0,172130.0,0.0,0.0,0.0,0.0,0.0,0.0,332027.0,0.0,0.0,0.0,0.0,136837.0,0.0,0.0,289555.0,0.0,247572.0,181620.0,0.0,0.0,0.0,0.0,0.0,0.0,0.0,0.0,0.0,0.0,0.0,0.0,0.0,298073.0,0.0,0.0,0.0,0.0,0.0,0.0,0.0,0.0
0.0,0.0,0.0,0.0,0.0,0.0,183904.0,0.0,0.0,0.0,0.0,0.0,0.0,0.0,0.0,0.0,0.0,0.0,0.0,345151.0,0.0,0.0,0.0,0.0,0.0,0.0,0.0,0.0,0.0,0.0,0.0,0.0,0.0,0.0,0.0,0.0,61608.0,0.0,0.0,0.0,0.0,184268.0,0.0,0.0,0.0,0.0,238499.0,0.0,0.0,0.0
0.0,0.0,0.0,0.0,0.0,0.0,0.0,0.0,0.0,0.0,149245.0,0.0,0.0,0.0,0.0,0.0,0.0,0.0,0.0,0.0,0.0,0.0,0.0,0.0,0.0,0.0,398149.0,0.0,0.0,0.0,0.0,0.0,112953.0,0.0,0.0,0.0,0.0,0.0,0.0,0.0,0.0,221771.0,267314.0,0.0,0.0,0.0,0.0,0.0,0.0,0.0
0.0,0.0,0.0,0.0,0.0,0.0,0.0,102347.0,0.0,0.0,0.0,0.0,0.0,0.0,0.0,0.0,0.0,0.0,0.0,0.0,0.0,0.0,0.0,87483.0,253328.0,0.0,0.0,0.0,0.0,0.0,0.0,0.0,0.0,0.0,0.0,0.0,0.0,0.0,0.0,0.0,0.0,0.0,256196.0,0.0,255033.0,0.0,137176.0,0.0,134953.0,0.0
0.0,0.0,0.0,0.0,0.0,0.0,0.0,0.0,377414.0,0.0,0.0,0.0,0.0,287549.0,0.0,0.0,172207.0,0.0,0.0,0.0,0.0,0.0,0.0,153574.0,0.0,0.0,0.0,0.0,0.0,0.0,0.0,0.0,0.0,0.0,235609.0,294509.0,66021.0,338204.0,0.0,224260.0,122657.0,0.0,0.0,0.0,0.0,0.0,0.0,0.0,339244.0,0.0
0.0,0.0,164595.0,0.0,0.0,354927.0,83128.0,0.0,0.0,0.0,345365.0,0.0,0.0,0.0,0.0,0.0,0.0,0.0,0.0,183706.0,0.0,0.0,0.0,0.0,0.0,0.0,0.0,0.0,126046.0,0.0,0.0,86316.0,0.0,0.0,0.0,0.0,0.0,0.0,0.0,0.0,0.0,0.0,0.0,0.0,222188.0,0.0,0.0,80535.0,0.0,0.0
0.0,0.0,0.0,0.0,0.0,0.0,0.0,0.0,0.0,0.0,0.0,0.0,0.0,228871.0,0.0,0.0,0.0,0.0,0.0,0.0,0.0,0.0,0.0,0.0,0.0,57072.0,0.0,0.0,128854.0,0.0,0.0,0.0,0.0,0.0,0.0,0.0,0.0,0.0,0.0,0.0,192364.0,335960.0,0.0,0.0,0.0,0.0,0.0,0.0,0.0,65224.0
0.0,0.0,0.0,0.0,0.0,0.0,188595.0,0.0,0.0,0.0,0.0,0.0,0.0,0.0,0.0,0.0,0.0,0.0,0.0,0.0,0.0,0.0,0.0,0.0,0.0,361541.0,0.0,0.0,0.0,0.0,0.0,0.0,0.0,0.0,0.0,0.0,0.0,0.0,131562.0,0.0,0.0,206811.0,0.0,0.0,0.0,341880.0,0.0,0.0,0.0,0.0
0.0,257729.0,173624.0,0.0,0.0,0.0,0.0,0.0,0.0,0.0,332431.0,57973.0,0.0,0.0,0.0,0.0,0.0,157321.0,0.0,0.0,0.0,0.0,0.0,0.0,0.0,0.0,0.0,0.0,0.0,0.0,0.0,0.0,0.0,0.0,0.0,0.0,0.0,0.0,0.0,0.0,0.0,131860.0,0.0,0.0,0.0,0.0,0.0,0.0,0.0,0.0
0.0,0.0,0.0,0.0,338523.0,0.0,117288.0,0.0,0.0,0.0,0.0,0.0,0.0,0.0,0.0,0.0,0.0,0.0,0.0,0.0,297997.0,0.0,0.0,0.0,0.0,0.0,0.0,0.0,325432.0,0.0,392698.0,0.0,0.0,0.0,0.0,0.0,0.0,0.0,174952.0,0.0,0.0,0.0,179448.0,0.0,0.0,249364.0,0.0,198927.0,0.0,0.0
0.0,0.0,0.0,0.0,0.0,0.0,0.0,155006.0,0.0,333468.0,0.0,365361.0,0.0,0.0,274677.0,0.0,312523.0,0.0,113148.0,0.0,0.0,0.0,0.0,0.0,0.0,0.0,0.0,0.0,137725.0,0.0,0.0,168769.0,0.0,0.0,105137.0,0.0,0.0,0.0,0.0,0.0,0.0,0.0,0.0,0.0,0.0,0.0,0.0,0.0,0.0,0.0
0.0,0.0,0.0,0.0,0.0,345477.0,0.0,0.0,0.0,192440.0,306644.0,0.0,0.0,0.0,361874.0,0.0,0.0,0.0,0.0,0.0,0.0,257911.0,0.0,0.0,0.0,0.0,0.0,347970.0,0.0,0.0,0.0,339205.0,0.0,0.0,210951.0,0.0,0.0,0.0,0.0,0.0,118189.0,0.0,0.0,0.0,0.0,306145.0,0.0,0.0,0.0,0.0
0.0,0.0,0.0,0.0,0.0,0.0,0.0,0.0,0.0,0.0,0.0,0.0,0.0,0.0,0.0,0.0,295702.0,0.0,0.0,0.0,0.0,0.0,0.0,0.0,0.0,0.0,0.0,0.0,0.0,0.0,0.0,0.0,0.0,0.0,0.0,0.0,0.0,237132.0,0.0,0.0,0.0,187972.0,0.0,0.0,0.0,253259.0,143380.0,0.0,0.0,0.0
0.0,0.0,64399.0,0.0,0.0,0.0,0.0,0.0,0.0,0.0,94959.0,0.0,0.0,180820.0,0.0,0.0,0.0,0.0,0.0,0.0,0.0,0.0,0.0,0.0,0.0,0.0,179696.0,0.0,0.0,0.0,0.0,0.0,0.0,0.0,236203.0,0.0,0.0,118134.0,0.0,168259.0,319584.0,0.0,0.0,0.0,0.0,0.0,0.0,0.0,0.0,168026.0
0.0,0.0,0.0,0.0,0.0,0.0,0.0,0.0,0.0,0.0,249138.0,0.0,0.0,0.0,0.0,0.0,0.0,0.0,209492.0,0.0,0.0,109344.0,214249.0,0.0,0.0,0.0,0.0,0.0,0.0,243614.0,0.0,0.0,0.0,0.0,386171.0,165270.0,0.0,52328.0,0.0,0.0,0.0,354827.0,0.0,303740.0,0.0,89843.0,0.0,0.0,392284.0,166538.0
0.0,0.0,0.0,0.0,0.0,0.0,0.0,0.0,0.0,0.0,0.0,0.0,0.0,0.0,0.0,0.0,0.0,371845.0,0.0,0.0,0.0,331013.0,0.0,0.0,109595.0,0.0,245800.0,0.0,0.0,0.0,0.0,0.0,0.0,0.0,0.0,0.0,121779.0,0.0,262992.0,358755.0,0.0,0.0,0.0,0.0,0.0,0.0,0.0,0.0,0.0,112872.0
0.0,0.0,315915.0,101220.0,0.0,0.0,212954.0,0.0,275901.0,0.0,0.0,0.0,0.0,0.0,0.0,78438.0,0.0,0.0,0.0,0.0,0.0,0.0,0.0,0.0,0.0,0.0,0.0,0.0,0.0,0.0,0.0,0.0,0.0,90468.0,0.0,0.0,0.0,0.0,0.0,0.0,0.0,0.0,0.0,0.0,0.0,0.0,0.0,0.0,0.0,0.0
0.0,0.0,0.0,0.0,247014.0,243629.0,0.0,0.0,0.0,0.0,343330.0,0.0,0.0,0.0,52825.0,0.0,0.0,0.0,0.0,0.0,0.0,0.0,0.0,0.0,0.0,0.0,337247.0,0.0,0.0,308627.0,0.0,0.0,0.0,302548.0,0.0,369802.0,0.0,156919.0,0.0,0.0,0.0,211390.0,0.0,0.0,0.0,0.0,164395.0,123333.0,0.0,0.0
0.0,0.0,0.0,0.0,0.0,0.0,0.0,0.0,0.0,155160.0,0.0,0.0,0.0,0.0,0.0,206744.0,0.0,0.0,0.0,229716.0,0.0,0.0,0.0,191437.0,0.0,0.0,0.0,0.0,0.0,0.0,0.0,0.0,0.0,0.0,0.0,0.0,53973.0,0.0,0.0,0.0,0.0,82429.0,0.0,0.0,0.0,0.0,0.0,0.0,0.0,0.0
0.0,0.0,322491.0,0.0,0.0,0.0,0.0,0.0,247563.0,342144.0,0.0,0.0,0.0,0.0,0.0,0.0,0.0,0.0,0.0,0.0,0.0,355423.0,352646.0,0.0,293264.0,0.0,0.0,0.0,226908.0,0.0,0.0,228336.0,0.0,256559.0,0.0,0.0,0.0,0.0,59445.0,0.0,0.0,0.0,0.0,0.0,304125.0,221687.0,0.0,0.0,0.0,0.0
0.0,0.0,263071.0,68564.0,0.0,0.0,0.0,0.0,0.0,0.0,0.0,0.0,0.0,0.0,0.0,0.0,0.0,0.0,0.0,150721.0,175321.0,0.0,0.0,0.0,0.0,0.0,157832.0,138180.0,0.0,117773.0,0.0,197433.0,0.0,0.0,0.0,0.0,0.0,0.0,224383.0,122536.0,198789.0,120723.0,0.0,0.0,0.0,56028.0,0.0,0.0,0.0,0.0
0.0,0.0,0.0,0.0,0.0,262672.0,0.0,0.0,0.0,0.0,0.0,0.0,0.0,0.0,0.0,0.0,0.0,0.0,0.0,0.0,0.0,0.0,0.0,0.0,0.0,0.0,0.0,172772.0,209629.0,0.0,0.0,0.0,0.0,0.0,0.0,0.0,0.0,0.0,373069.0,0.0,316383.0,0.0,100384.0,0.0,0.0,0.0,392456.0,0.0,0.0,0.0
0.0,257278.0,0.0,193508.0,0.0,274745.0,308057.0,0.0,0.0,0.0,0.0,0.0,0.0,0.0,0.0,0.0,0.0,0.0,314717.0,0.0,0.0,0.0,0.0,0.0,0.0,0.0,0.0,0.0,0.0,136935.0,0.0,0.0,0.0,0.0,0.0,0.0,0.0,0.0,0.0,0.0,0.0,0.0,0.0,0.0,0.0,0.0,0.0,389124.0,0.0,0.0
0.0,0.0,0.0,0.0,270459.0,0.0,275940.0,0.0,0.0,0.0,0.0,0.0,387797.0,0.0,0.0,0.0,0.0,0.0,0.0,344647.0,0.0,0.0,318699.0,0.0,285605.0,0.0,0.0,0.0,0.0,0.0,0.0,130123.0,0.0,0.0,0.0,0.0,0.0,0.0,317655.0,0.0,318149.0,0.0,0.0,0.0,0.0,0.0,0.0,0.0,0.0,0.0
0.0,0.0,0.0,0.0,0.0,0.0,0.0,0.0,269949.0,0.0,0.0,0.0,0.0,102073.0,0.0,0.0,0.0,0.0,0.0,0.0,0.0,0.0,0.0,0.0,0.0,0.0,0.0,0.0,173660.0,0.0,0.0,0.0,0.0,0.0,0.0,0.0,0.0,183412.0,0.0,0.0,0.0,0.0,0.0,0.0,0.0,0.0,336738.0,0.0,0.0,0.0
0.0,0.0,146026.0,0.0,0.0,0.0,0.0,0.0,0.0,0.0,0.0,0.0,0.0,0.0,0.0,0.0,0.0,0.0,0.0,0.0,0.0,0.0,0.0,0.0,0.0,0.0,0.0,307542.0,0.0,0.0,0.0,0.0,0.0,0.0,0.0,0.0,0.0,361985.0,0.0,50085.0,0.0,0.0,0.0,0.0,0.0,0.0,0.0,0.0,0.0,267278.0
367276.0,0.0,0.0,88923.0,0.0,0.0,127752.0,0.0,0.0,0.0,226217.0,0.0,0.0,107533.0,92541.0,0.0,0.0,0.0,0.0,0.0,0.0,241477.0,0.0,0.0,0.0,0.0,0.0,0.0,279932.0,0.0,0.0,0.0,0.0,0.0,0.0,0.0,0.0,0.0,189672.0,0.0,0.0,0.0,0.0,0.0,0.0,0.0,0.0,0.0,0.0,250105.0
0.0,0.0,0.0,0.0,237206.0,0.0,225680.0,0.0,0.0,0.0,0.0,0.0,0.0,0.0,0.0,395254.0,0.0,0.0,0.0,0.0,386085.0,0.0,0.0,97753.0,0.0,0.0,270039.0,0.0,0.0,0.0,0.0,143090.0,0.0,248003.0,0.0,0.0,359901.0,0.0,0.0,327805.0,0.0,0.0,0.0,0.0,0.0,0.0,0.0,331676.0,0.0,0.0
0.0,0.0,222645.0,0.0,0.0,0.0,0.0,0.0,0.0,0.0,0.0,0.0,96308.0,0.0,0.0,0.0,0.0,0.0,0.0,0.0,0.0,383788.0,0.0,0.0,0.0,0.0,0.0,0.0,0.0,0.0,0.0,0.0,52836.0,0.0,0.0,0.0,361069.0,0.0,248729.0,0.0,0.0,0.0,0.0,127566.0,0.0,0.0,0.0,0.0,0.0,0.0
0.0,0.0,0.0,0.0,0.0,0.0,0.0,360320.0,0.0,0.0,0.0,262455.0,0.0,0.0,0.0,190465.0,0.0,0.0,0.0,0.0,133686.0,0.0,363693.0,111787.0,0.0,190167.0,0.0,0.0,335675.0,0.0,0.0,0.0,0.0,0.0,0.0,398340.0,0.0,0.0,0.0,0.0,0.0,0.0,0.0,0.0,0.0,0.0,0.0,0.0,0.0,0.0
0.0,0.0,0.0,0.0,0.0,0.0,188494.0,384751.0,305765.0,0.0,0.0,0.0,0.0,0.0,0.0,189522.0,0.0,0.0,0.0,0.0,114271.0,0.0,0.0,0.0,240855.0,0.0,0.0,233666.0,0.0,0.0,0.0,0.0,0.0,0.0,0.0,0.0,246690.0,0.0,0.0,0.0,0.0,0.0,0.0,0.0,100502.0,0.0,0.0,0.0,0.0,0.0
0.0,0.0,0.0,0.0,0.0,0.0,0.0,0.0,0.0,0.0,0.0,142804.0,289515.0,0.0,0.0,0.0,315654.0,293187.0,0.0,0.0,0.0,0.0,0.0,0.0,277624.0,0.0,0.0,0.0,0.0,0.0,122424.0,0.0,0.0,0.0,0.0,249919.0,346734.0,77591.0,365557.0,0.0,0.0,0.0,0.0,0.0,0.0,90211.0,0.0,0.0,336884.0,0.0
0.0,0.0,0.0,280204.0,0.0,0.0,0.0,0.0,0.0,0.0,0.0,0.0,0.0,0.0,0.0,0.0,229197.0,0.0,125819.0,0.0,0.0,0.0,76418.0,0.0,0.0,0.0,0.0,0.0,84223.0,0.0,0.0,0.0,0.0,0.0,0.0,0.0,0.0,0.0,0.0,0.0,303384.0,0.0,0.0,0.0,0.0,0.0,0.0,0.0,0.0,0.0
174705.0,0.0,0.0,0.0,180444.0,0.0,0.0,0.0,0.0,0.0,0.0,153019.0,0.0,0.0,0.0,259485.0,147573.0,0.0,0.0,0.0,0.0,0.0,0.0,0.0,329032.0,0.0,95401.0,325020.0,223658.0,0.0,0.0,0.0,0.0,0.0,282812.0,0.0,286061.0,339994.0,0.0,0.0,0.0,0.0,0.0,0.0,0.0,0.0,290271.0,0.0,139779.0,0.0
0.0,0.0,144173.0,0.0,62574.0,0.0,0.0,0.0,0.0,0.0,189776.0,0.0,185542.0,0.0,0.0,0.0,71956.0,280158.0,0.0,0.0,221237.0,0.0,0.0,0.0,0.0,0.0,156947.0,0.0,0.0,80228.0,0.0,177023.0,0.0,0.0,89751.0,0.0,0.0,0.0,0.0,0.0,0.0,226435.0,0.0,0.0,0.0,0.0,0.0,83613.0,0.0,0.0
0.0,384590.0,0.0,0.0,0.0,0.0,0.0,0.0,381891.0,0.0,0.0,286877.0,0.0,0.0,0.0,0.0,0.0,0.0,0.0,235296.0,0.0,0.0,0.0,0.0,0.0,0.0,0.0,0.0,0.0,0.0,0.0,0.0,0.0,0.0,0.0,0.0,0.0,0.0,0.0,0.0,0.0,0.0,0.0,0.0,182091.0,0.0,240760.0,154277.0,254456.0,0.0
0.0,0.0,82783.0,240505.0,0.0,225682.0,354648.0,0.0,0.0,0.0,0.0,0.0,291830.0,0.0,136481.0,323911.0,0.0,315736.0,148910.0,0.0,0.0,0.0,151971.0,0.0,0.0,0.0,0.0,0.0,0.0,0.0,0.0,0.0,161186.0,0.0,0.0,0.0,0.0,0.0,355308.0,141831.0,0.0,0.0,329841.0,0.0,0.0,0.0,0.0,0.0,0.0,0.0
277050.0,0.0,0.0,0.0,0.0,217376.0,0.0,0.0,0.0,0.0,0.0,0.0,0.0,0.0,0.0,0.0,0.0,0.0,182849.0,0.0,0.0,0.0,0.0,0.0,0.0,0.0,0.0,0.0,90885.0,0.0,322055.0,0.0,0.0,69291.0,0.0,327064.0,0.0,170643.0,0.0,0.0,0.0,0.0,0.0,0.0,143503.0,0.0,0.0,0.0,0.0,0.0
0.0,0.0,0.0,0.0,314738.0,0.0,0.0,0.0,0.0,0.0,0.0,0.0,0.0,0.0,0.0,0.0,0.0,224387.0,0.0,0.0,0.0,0.0,371252.0,0.0,0.0,0.0,0.0,0.0,0.0,0.0,0.0,0.0,0.0,0.0,226450.0,0.0,0.0,0.0,300046.0,0.0,0.0,0.0,0.0,0.0,0.0,0.0,0.0,366684.0,0.0,0.0
0.0,300567.0,0.0,0.0,59597.0,0.0,0.0,0.0,0.0,0.0,222328.0,0.0,0.0,256331.0,0.0,0.0,0.0,0.0,388953.0,0.0,0.0,0.0,0.0,0.0,0.0,0.0,0.0,0.0,0.0,0.0,0.0,220070.0,0.0,0.0,248680.0,0.0,0.0,0.0,0.0,0.0,0.0,0.0,0.0,0.0,0.0,104312.0,115576.0,193244.0,0.0,0.0
0.0,0.0,0.0,118455.0,0.0,0.0,0.0,0.0,0.0,0.0,0.0,0.0,0.0,0.0,0.0,93716.0,0.0,0.0,387194.0,363861.0,0.0,0.0,163469.0,0.0,0.0,0.0,0.0,202810.0,0.0,69236.0,0.0,0.0,0.0,0.0,0.0,0.0,0.0,0.0,0.0,0.0,0.0,0.0,0.0,0.0,0.0,0.0,0.0,351968.0,0.0,0.0
270840.0,0.0,0.0,0.0,0.0,147797.0,0.0,0.0,0.0,0.0,297140.0,0.0,0.0,0.0,245747.0,0.0,0.0,319699.0,368260.0,0.0,0.0,0.0,282171.0,0.0,130033.0,0.0,0.0,0.0,0.0,355011.0,0.0,0.0,0.0,0.0,0.0,0.0,206025.0,0.0,0.0,0.0,0.0,0.0,0.0,0.0,182577.0,0.0,0.0,0.0,0.0,0.0
0.0,0.0,0.0,0.0,309994.0,174834.0,0.0,0.0,0.0,0.0,298875.0,91502.0,0.0,0.0,0.0,0.0,347657.0,0.0,0.0,0.0,0.0,0.0,0.0,0.0,181100.0,0.0,0.0,290495.0,0.0,0.0,0.0,0.0,0.0,0.0,0.0,0.0,0.0,53797.0,0.0,0.0,233963.0,201933.0,0.0,0.0,0.0,0.0,395744.0,0.0,0.0,0.0
0.0,0.0,0.0,0.0,0.0,120649.0,255896.0,0.0,0.0,0.0,0.0,0.0,0.0,0.0,111201.0,0.0,0.0,188144.0,0.0,0.0,0.0,0.0,0.0,0.0,0.0,0.0,0.0,0.0,104067.0,0.0,0.0,332210.0,0.0,0.0,0.0,0.0,0.0,0.0,206035.0,61048.0,0.0,0.0,0.0,0.0,0.0,0.0,0.0,273930.0,0.0,0.0
0.0,0.0,0.0,147397.0,0.0,0.0,0.0,0.0,0.0,0.0,0.0,0.0,0.0,289528.0,0.0,0.0,0.0,0.0,0.0,0.0,0.0,0.0,0.0,0.0,135374.0,0.0,0.0,0.0,0.0,0.0,0.0,0.0,79561.0,0.0,0.0,0.0,0.0,0.0,0.0,0.0,0.0,0.0,0.0,0.0,0.0,0.0,0.0,0.0,0.0,336974.0
74843.0,0.0,129625.0,290674.0,0.0,348522.0,0.0,0.0,0.0,263502.0,0.0,0.0,0.0,0.0,0.0,0.0,246008.0,0.0,0.0,0.0,0.0,0.0,0.0,62177.0,0.0,0.0,0.0,0.0,126453.0,288033.0,0.0,305515.0,0.0,0.0,0.0,0.0,0.0,0.0,324528.0,246267.0,0.0,0.0,0.0,276336.0,0.0,0.0,0.0,0.0,0.0,281313.0
0.0,0.0,0.0,0.0,338047.0,0.0,0.0,0.0,0.0,0.0,74940.0,0.0,0.0,0.0,0.0,0.0,0.0,0.0,121736.0,0.0,0.0,0.0,339781.0,86795.0,0.0,0.0,0.0,0.0,0.0,75256.0,0.0,0.0,0.0,0.0,0.0,0.0,0.0,52444.0,0.0,0.0,0.0,0.0,0.0,245429.0,0.0,0.0,0.0,0.0,0.0,0.0
0.0,0.0,398544.0,231987.0,0.0,0.0,0.0,0.0,0.0,0.0,0.0,315556.0,0.0,159840.0,0.0,0.0,0.0,0.0,0.0,0.0,0.0,0.0,204345.0,0.0,0.0,0.0,0.0,366688.0,0.0,337010.0,350946.0,0.0,0.0,0.0,0.0,0.0,0.0,148870.0,0.0,230803.0,0.0,0.0,0.0,0.0,0.0,0.0,0.0,0.0,0.0,0.0
0.0,0.0,0.0,314518.0,60596.0,364335.0,0.0,0.0,0.0,0.0,0.0,0.0,309430.0,0.0,0.0,0.0,0.0,0.0,0.0,108314.0,0.0,0.0,0.0,0.0,0.0,0.0,0.0,0.0,0.0,0.0,0.0,0.0,0.0,0.0,0.0,0.0,0.0,0.0,356209.0,0.0,0.0,77143.0,0.0,0.0,0.0,0.0,0.0,282777.0,0.0,0.0
0.0,0.0,0.0,0.0,0.0,0.0,0.0,0.0,0.0,0.0,0.0,361994.0,354100.0,0.0,0.0,0.0,0.0,319764.0,0.0,0.0,0.0,0.0,0.0,0.0,146544.0,0.0,0.0,0.0,0.0,0.0,0.0,0.0,0.0,0.0,0.0,0.0,269470.0,0.0,0.0,0.0,0.0,236866.0,0.0,0.0,0.0,0.0,0.0,0.0,0.0,0.0
336158.0,0.0,0.0,0.0,0.0,0.0,0.0,0.0,0.0,128305.0,0.0,0.0,0.0,0.0,0.0,0.0,0.0,0.0,0.0,0.0,0.0,0.0,363007.0,0.0,0.0,279735.0,0.0,185636.0,0.0,0.0,0.0,0.0,361354.0,0.0,0.0,0.0,0.0,0.0,373570.0,0.0,0.0,0.0,0.0,335047.0,394327.0,0.0,0.0,0.0,164504.0,0.0
0.0,131075.0,0.0,0.0,0.0,0.0,0.0,0.0,0.0,0.0,276512.0,296309.0,0.0,0.0,102503.0,0.0,0.0,0.0,205850.0,54721.0,193721.0,273480.0,0.0,157912.0,0.0,348068.0,187311.0,0.0,208823.0,0.0,0.0,0.0,0.0,324262.0,0.0,0.0,0.0,0.0,0.0,0.0,0.0,0.0,0.0,0.0,346536.0,0.0,0.0,0.0,0.0,0.0
105834.0,0.0,0.0,0.0,0.0,0.0,0.0,0.0,0.0,164066.0,0.0,0.0,0.0,0.0,0.0,0.0,397285.0,221623.0,0.0,361811.0,114623.0,0.0,0.0,0.0,0.0,112764.0,0.0,0.0,0.0,260382.0,0.0,0.0,0.0,0.0,187268.0,0.0,0.0,0.0,0.0,0.0,91142.0,0.0,0.0,0.0,0.0,0.0,326570.0,0.0,396317.0,65025.0
0.0,0.0,0.0,0.0,0.0,0.0,0.0,0.0,0.0,0.0,177583.0,0.0,0.0,0.0,0.0,0.0,0.0,0.0,0.0,0.0,0.0,0.0,189999.0,0.0,0.0,0.0,0.0,0.0,158199.0,274459.0,0.0,0.0,0.0,314746.0,189473.0,0.0,390837.0,0.0,0.0,0.0,0.0,0.0,0.0,0.0,0.0,388242.0,0.0,0.0,0.0,343917.0
0.0,0.0,0.0,0.0,0.0,0.0,0.0,0.0,0.0,0.0,0.0,0.0,0.0,0.0,0.0,0.0,0.0,0.0,0.0,0.0,0.0,0.0,0.0,0.0,313248.0,0.0,0.0,0.0,172962.0,0.0,0.0,0.0,299511.0,0.0,0.0,0.0,0.0,357036.0,0.0,0.0,0.0,227586.0,0.0,0.0,381578.0,0.0,0.0,0.0,0.0,0.0
275669.0,0.0,0.0,0.0,0.0,340731.0,0.0,0.0,391021.0,0.0,0.0,387397.0,0.0,0.0,0.0,0.0,0.0,0.0,0.0,0.0,0.0,50207.0,197489.0,0.0,0.0,0.0,0.0,0.0,0.0,0.0,346210.0,0.0,0.0,0.0,201447.0,0.0,0.0,0.0,76813.0,387719.0,0.0,0.0,0.0,0.0,0.0,0.0,0.0,245640.0,229732.0,0.0
0.0,0.0,0.0,0.0,157092.0,0.0,0.0,90516.0,0.0,0.0,0.0,268931.0,0.0,0.0,217104.0,0.0,293659.0,0.0,0.0,0.0,0.0,0.0,0.0,0.0,0.0,0.0,0.0,0.0,0.0,0.0,51181.0,0.0,0.0,0.0,0.0,0.0,0.0,347971.0,0.0,0.0,0.0,0.0,0.0,0.0,0.0,0.0,0.0,0.0,0.0,0.0
